<?xml version="1.0" encoding="utf-8"?>
<!--Created using XmlSitemapGenerator.org - Free HTML, RSS and XML sitemap generator-->
<rss version="2.0">
  <channel>
    <title>Select Search Criteria</title>
    <link>https://www.kofys.com</link>
    <description />
    <item>
      <guid>https://www.kofys.com</guid>
      <title>Select Search Criteria</title>
      <link>https://www.kofys.com</link>
      <description>We have a huge database for cheap used cars for sale and used vehicles for sale. Our company has provided services as a boat trader also.</description>
    </item>
    <item>
      <guid>https://www.kofys.com/used_cars_Florida.php</guid>
      <title>Used Cars Florida | FL Car Dealers | Second Hand Cars Buy &amp; Sell</title>
      <link>https://www.kofys.com/used_cars_Florida.php</link>
      <description>Used Cars Florida | FL Boat Dealers | Second Hand Cars Buy &amp; Sell FL</description>
    </item>
    <item>
      <guid>https://www.kofys.com/used_suvs_for_sale_new_mexico.php</guid>
      <title>Used Suvs For Sale New Mexico | Used Boats Sale Truth or Consequences | Cheap Used Cars NM</title>
      <link>https://www.kofys.com/used_suvs_for_sale_new_mexico.php</link>
      <description>Used Suvs For Sale New Mexico | Used Boats Sale Truth or Consequences Cheap Used Cars NM</description>
    </item>
    <item>
      <guid>https://www.kofys.com/Used_auto_parts_in_Wyoming.php</guid>
      <title>Used Auto Parts in Wyoming | Used autos WY | Motorcycles in Wyoming</title>
      <link>https://www.kofys.com/Used_auto_parts_in_Wyoming.php</link>
      <description>Used Auto Parts in Wyoming | Used Autos WY | Motorcycles in Wyoming</description>
    </item>
    <item>
      <guid>https://www.kofys.com/used_suvs_for_sale_Wyoming.php</guid>
      <title>Used Suvs For Sale Wyoming | Best Used Car WY | Used Car Dealers WY</title>
      <link>https://www.kofys.com/used_suvs_for_sale_Wyoming.php</link>
      <description>Used Suvs For Sale Wyoming | Best Used Car | Used Car Dealers WY</description>
    </item>
    <item>
      <guid>https://www.kofys.com/used_vehicles_for_sale_by_owner.php</guid>
      <title>Used Vehicles For Sale by Owner | Used Suzuki Motorcycles For Sale | Used Motorcycles Sale</title>
      <link>https://www.kofys.com/used_vehicles_for_sale_by_owner.php</link>
      <description>Used Vehicles For Sale by Owner | Used Suzuki Motorcycles For Sale | Used Motorcycles Sale</description>
    </item>
    <item>
      <guid>https://www.kofys.com/used_suvs_for_sale_west_Virginia.php</guid>
      <title>Used Suvs For Sale West Virginia | Used Cars Charleston WV | Buy Used Truck WV</title>
      <link>https://www.kofys.com/used_suvs_for_sale_west_Virginia.php</link>
      <description>Used Suvs For Sale West Virginia | Used Cars Charleston WV | Buy Used truck WV</description>
    </item>
    <item>
      <guid>https://www.kofys.com/cheap_used_cars_in_pa.php</guid>
      <title>Cheap used cars in pa | cheap car in Pennsylvania | Cheap Used cars pa</title>
      <link>https://www.kofys.com/cheap_used_cars_in_pa.php</link>
      <description>Cheap Used Cars In pa find car Sales by owners cheapest in cities Pennsylvania</description>
    </item>
    <item>
      <guid>https://www.kofys.com/used_suvs_for_sale_Delaware.php</guid>
      <title>Used Suvs For Sale Delaware | Car For Sale By Owner | Buying Used Car</title>
      <link>https://www.kofys.com/used_suvs_for_sale_Delaware.php</link>
      <description>Used Suvs For Sale Delaware | Car For Sale By Owner | Buying Used Car</description>
    </item>
    <item>
      <guid>https://www.kofys.com/used_vehicles_for_sale_New_Mexico.php</guid>
      <title>Used Vehicles For Sale New Mexico | Used Motorcycles For Sale NM | Sell Used Car NM</title>
      <link>https://www.kofys.com/used_vehicles_for_sale_New_Mexico.php</link>
      <description>Used Vehicles For Sale New Mexico | Used Motorcycles For Sale | Sell Used Car NM</description>
    </item>
    <item>
      <guid>https://www.kofys.com/boats_for_sale_florida.php</guid>
      <title>Boats For Sale Florida | Palm Beach Boat Dealers | Boat Sales FL</title>
      <link>https://www.kofys.com/boats_for_sale_florida.php</link>
      <description>Boats For Sale Florida | Palm Beach boat Dealers | Boat sales FL</description>
    </item>
    <item>
      <guid>https://www.kofys.com/used_vehicles_for_sale_Delaware.php</guid>
      <title>Used Vehicles For Sale Delaware | Used Honda Motorcycle Dealers | Used Cars Florida</title>
      <link>https://www.kofys.com/used_vehicles_for_sale_Delaware.php</link>
      <description>Used Vehicles For Sale Delaware | Used Honda Motorcycle Dealers | Used Cars Florida</description>
    </item>
    <item>
      <guid>https://www.kofys.com/where_to_buy_a_used_cars_boats_rvs.php</guid>
      <title>OK</title>
      <link>https://www.kofys.com/where_to_buy_a_used_cars_boats_rvs.php</link>
      <description />
    </item>
    <item>
      <guid>https://www.kofys.com/Used_Car_Dealers_Houston.php</guid>
      <title>Used Car Dealers Houston | Best Used Car Houston TX | Cheap Car for sale Houston TX</title>
      <link>https://www.kofys.com/Used_Car_Dealers_Houston.php</link>
      <description>Used Car Dealers Houston | Best Used Car Houston TX | Cheap Car for sale Houston TX</description>
    </item>
    <item>
      <guid>https://www.kofys.com/used_cars_NY.php</guid>
      <title>Used Cars in NY | Cars for Sale NY | New York car Dealers</title>
      <link>https://www.kofys.com/used_cars_NY.php</link>
      <description>Used Cars in NY | Cars for Sale NY, New York car Dealers</description>
    </item>
    <item>
      <guid>https://www.kofys.com/where_to_buy_a_used_motorcycle.php</guid>
      <title>Where To Buy a Used Motorcycle |Used Motorbikes For Sale | Used Campers For Sale</title>
      <link>https://www.kofys.com/where_to_buy_a_used_motorcycle.php</link>
      <description>Where To Buy a Used Motorcycle |Used Motorbikes For Sale | Used Campers For Sale</description>
    </item>
    <item>
      <guid>https://www.kofys.com/cheap_used_cars_in_Atlanta.php</guid>
      <title>Cheap Used Cars In Atlanta | Cheap Used Car Atlanta | Cheap car Dealer Atlanta GA</title>
      <link>https://www.kofys.com/cheap_used_cars_in_Atlanta.php</link>
      <description>Cheap Used Cars In Atlanta | Cheap Used Car Atlanta | Cheap car Dealer Atlanta GA</description>
    </item>
    <item>
      <guid>https://www.kofys.com/used_cars_syracuse.php</guid>
      <title>Syracuse Used Cars | Used Cars Sales Syracuse | Syracuse car Dealers</title>
      <link>https://www.kofys.com/used_cars_syracuse.php</link>
      <description>Syracuse Used Cars find Cars Sales near Syracuse by owner and car Dealers</description>
    </item>
    <item>
      <guid>https://www.kofys.com/Motorcycles_for_Sale_in_Orlando.php</guid>
      <title>Motorcycles for Sale in Orlando | Used Motorcycle For Sale | Used motorcycle sales</title>
      <link>https://www.kofys.com/Motorcycles_for_Sale_in_Orlando.php</link>
      <description>Motorcycles for Sale in Orlando | Used Motorcycle For Sale | Used motorcycle sales</description>
    </item>
    <item>
      <guid>https://www.kofys.com/cheap_motorcycles_for_sale_in_florida.php</guid>
      <title>Cheap Motorcycles For Sale In Florida | Used motorcycle Orlando FL | Palm Beach Motorcycle dealer</title>
      <link>https://www.kofys.com/cheap_motorcycles_for_sale_in_florida.php</link>
      <description>Cheap Motorcycles For Sale In Florida | Used motorcycle Orlando FL | Palm Beach motorcycle dealer</description>
    </item>
    <item>
      <guid>https://www.kofys.com/used_cars_springfield.php</guid>
      <title>Used Cars Springfield | Cars for Sale Springfield | Springfield car dealer</title>
      <link>https://www.kofys.com/used_cars_springfield.php</link>
      <description>Used Cars Springfield | Cars for Sale Springfield | Springfield car dealer</description>
    </item>
    <item>
      <guid>https://www.kofys.com/auto_used_cars_Oregon.php</guid>
      <title>Auto Used Cars Oregon | Used Car Sales OR | Luxury Car Dealers OR</title>
      <link>https://www.kofys.com/auto_used_cars_Oregon.php</link>
      <description>Auto Used Cars Oregon | Used Car Sales OR | Luxury Car Dealers OR</description>
    </item>
    <item>
      <guid>https://www.kofys.com/Used_Car_and_Truck_Dealer_Dallas_Fort_Worth.php</guid>
      <title>Used Car and Truck Dealer Dallas Fort Worth | Used Car Dealership | Best Used Cars Dallas TX</title>
      <link>https://www.kofys.com/Used_Car_and_Truck_Dealer_Dallas_Fort_Worth.php</link>
      <description>Used Car and Truck Dealer Dallas Fort Worth | Used Car Dealership | Best Used Cars Dallas TX</description>
    </item>
    <item>
      <guid>https://www.kofys.com/used_cars_hartford.php</guid>
      <title>Used Cars Hartford | Hartford used car dealers | Hartford cars sales</title>
      <link>https://www.kofys.com/used_cars_hartford.php</link>
      <description>Used Cars Hartford offers used car dealers marketplace cars sales in cities</description>
    </item>
    <item>
      <guid>https://www.kofys.com/used_cars_vermont.php</guid>
      <title>Used Cars Vermont | Cars for Sale Vermont | Car For Sale By Owner VT</title>
      <link>https://www.kofys.com/used_cars_vermont.php</link>
      <description>Used Cars in Vermont offers Cars for Sale online Cars For Sale By Owner VT dealers</description>
    </item>
    <item>
      <guid>https://www.kofys.com/cheap_cars_New_Jersey.php</guid>
      <title>Cheap Cars New Jersey | Used Motorcycle Sales | Used Car Deals by owner nj</title>
      <link>https://www.kofys.com/cheap_cars_New_Jersey.php</link>
      <description>Used Cars NJ | Used Cars in Trenton NJ | Used Motorhomes For Sale</description>
    </item>
    <item>
      <guid>https://www.kofys.com/contactus.php</guid>
      <title>Contact Us</title>
      <link>https://www.kofys.com/contactus.php</link>
      <description />
    </item>
    <item>
      <guid>https://www.kofys.com/used_cars_manchester.php</guid>
      <title>Used Cars Manchester | Manchester car dealership | Manchester cars for sale</title>
      <link>https://www.kofys.com/used_cars_manchester.php</link>
      <description>Used Cars Manchester sales offer Used Cars for Sale in Manchester UK deals also (NH)</description>
    </item>
    <item>
      <guid>https://www.kofys.com/used_cars_utica.php</guid>
      <title>Used Cars Utica NY | Used Cars for Sale in Utica, New York | BMW Used Car Sales</title>
      <link>https://www.kofys.com/used_cars_utica.php</link>
      <description>Used Cars Utica NY | Used Cars for Sale in Utica, New York | BMW Used Car Sales</description>
    </item>
    <item>
      <guid>https://www.kofys.com/used_cars_albany.php</guid>
      <title>Used Cars Albany | Cars for sale Albany | Albany car dealers</title>
      <link>https://www.kofys.com/used_cars_albany.php</link>
      <description>Used Cars Albany offer for sale by owner car dealers listings</description>
    </item>
    <item>
      <guid>https://www.kofys.com/aboutus.php</guid>
      <title>Used Car Sell | Used Boats Sale | Boats For Sale</title>
      <link>https://www.kofys.com/aboutus.php</link>
      <description>If you need best in an affordable cost we provide used car sell, used boats sale, motorcycle for sales, used rvs for sale , used motorcycle sales, used victory motorcycles sale, used motorcycle for sale, used rvs for sale, Cheap Car Parts for sale, used m</description>
    </item>
    <item>
      <guid>https://www.kofys.com/used_cars_worcester.php</guid>
      <title>Used Cars Worcester | Cars for Sale in Worcester | Car dealership Worcester</title>
      <link>https://www.kofys.com/used_cars_worcester.php</link>
      <description>Used Cars Worcester find car for Sale dealer and owner sales Worcester MA UK</description>
    </item>
    <item>
      <guid>https://www.kofys.com/termofuse.php</guid>
      <title>Terms and Privacy</title>
      <link>https://www.kofys.com/termofuse.php</link>
      <description />
    </item>
    <item>
      <guid>https://www.kofys.com/resources.php</guid>
      <title />
      <link>https://www.kofys.com/resources.php</link>
      <description />
    </item>
    <item>
      <guid>https://www.kofys.com/find_rvs.php</guid>
      <title>Select Search Criteria</title>
      <link>https://www.kofys.com/find_rvs.php</link>
      <description />
    </item>
    <item>
      <guid>https://www.kofys.com/used_cars_NJ.php</guid>
      <title>Used Cars NJ | Car dealers NJ | Used cars For Sale NJ</title>
      <link>https://www.kofys.com/used_cars_NJ.php</link>
      <description>Used Cars NJ offer Car dealers in cites cars for Sale New Jersey</description>
    </item>
    <item>
      <guid>https://www.kofys.com/find_motorcycles.php</guid>
      <title>Select Search Criteria</title>
      <link>https://www.kofys.com/find_motorcycles.php</link>
      <description />
    </item>
    <item>
      <guid>https://www.kofys.com/privacy.php</guid>
      <title>privacy policy</title>
      <link>https://www.kofys.com/privacy.php</link>
      <description />
    </item>
    <item>
      <guid>https://www.kofys.com/find_boats.php</guid>
      <title>Select Search Criteria</title>
      <link>https://www.kofys.com/find_boats.php</link>
      <description />
    </item>
    <item>
      <guid>https://www.kofys.com/sitemap.php</guid>
      <title />
      <link>https://www.kofys.com/sitemap.php</link>
      <description />
    </item>
    <item>
      <guid>https://www.kofys.com/help.php</guid>
      <title>Help</title>
      <link>https://www.kofys.com/help.php</link>
      <description />
    </item>
    <item>
      <guid>https://www.kofys.com/signup.php</guid>
      <title>Create an account

</title>
      <link>https://www.kofys.com/signup.php</link>
      <description />
    </item>
    <item>
      <guid>https://www.kofys.com/index.php</guid>
      <title>Select Search Criteria</title>
      <link>https://www.kofys.com/index.php</link>
      <description>We have a huge database for cheap used cars for sale and used vehicles for sale. Our company has provided services as a boat trader also.</description>
    </item>
    <item>
      <guid>https://www.kofys.com/login.php</guid>
      <title />
      <link>https://www.kofys.com/login.php</link>
      <description />
    </item>
    <item>
      <guid>https://www.kofys.com/forgot-password.php</guid>
      <title>Forgot Your Password ?</title>
      <link>https://www.kofys.com/forgot-password.php</link>
      <description />
    </item>
    <item>
      <guid>https://www.kofys.com/login.php?log=1</guid>
      <title />
      <link>https://www.kofys.com/login.php?log=1</link>
      <description />
    </item>
  </channel>
</rss>
<!--<guid value="9016240e-43a3-4fc3-beec-70657fca6afd" />-->
<!--Created using XmlSitemapGenerator.org - Free HTML, RSS and XML sitemap generator-->