<?xml version="1.0" encoding="UTF-8"?>
<inventory xmlns:xsi="https://www.w3.org/2001/XMLSchema-instance">
    <vendor-code><![CDATA[PSN]]></vendor-code>
    <dealer>
        <name><![CDATA[Ronnie's Harley-Davidson]]></name>
        <address-1><![CDATA[501 Wahconah Street]]></address-1>
        <city><![CDATA[Pittsfield]]></city>
        <state><![CDATA[MA]]></state>
        <postal-code><![CDATA[01201]]></postal-code>
        <country><![CDATA[US]]></country>
        <phone><![CDATA[(413) 443-0638]]></phone>
        <toll-free-phone><![CDATA[1-(877) 666-9200]]></toll-free-phone>
        <fax><![CDATA[(413) 499-5116]]></fax>
        <email><![CDATA[ronniesharleydavidson@dealer-leads.com]]></email>
        <website-url><![CDATA[https://www.ronniesharleydavidson.com]]></website-url>
    </dealer>
    <listings>
      <listing>
            <listing-id><![CDATA[2622018]]></listing-id>
            <category><![CDATA[Motorcycles]]></category>
            <type><![CDATA[Cruiser]]></type>
            <cat-type><![CDATA[Motorcycles|Cruiser]]></cat-type>
            <manufacturer><![CDATA[Honda]]></manufacturer>
            <brand><![CDATA[Honda]]></brand>
            <model-year><![CDATA[2003]]></model-year>
            <model><![CDATA[Shadow Spirit  750]]></model>
            <location>
                <address-1><![CDATA[501 Wahconah Street]]></address-1>
                <city><![CDATA[Pittsfield]]></city>
                <state><![CDATA[MA]]></state>
                <postal-code><![CDATA[01201]]></postal-code>
                <country><![CDATA[US]]></country>
                <phone><![CDATA[(413) 443-0638]]></phone>
            </location>
            <condition><![CDATA[used]]></condition>
            <color-primary><![CDATA[Pearl White]]></color-primary>
            <displacement units="cc">745</displacement>
            <miles><![CDATA[16459]]></miles>
            <stock-number><![CDATA[703668]]></stock-number>
            <description-short><![CDATA[Great on Gas!]]></description-short>
            <description-long><![CDATA[They say you never get a second chance to make a first impression. And with the Shadow Spirit 750, you won't need that second chance. Street-rod styling. Precise handling. Meticulous craftsmanship. And the kind of reliability that comes with every Honda.  <P><B>This bike has been reviewed by our certified technicians and comes with a 30 day warranty. All trades wanted. Call for the best price. We can ship anywhere in the U.S.A.  Stop in and see us today!]]></description-long>
            <listing-url><![CDATA[https://www.ronniesharleydavidson.com/new_vehicle_detail.asp?veh=5498&pov=2622018]]></listing-url>
            <listing-photos>
                <photo>
                    <url><![CDATA[https://images.psndealer.com/dealersite/images/ronniesharleydavidson/vp2622018_1.jpg]]></url>
                    <display-order>1</display-order>
                    <mime-type><![CDATA[image/jpeg]]></mime-type>
                </photo>
                <photo>
                    <url><![CDATA[https://images.psndealer.com/dealersite/images/ronniesharleydavidson/vp2622018_2.jpg]]></url>
                    <display-order>2</display-order>
                    <mime-type><![CDATA[image/jpeg]]></mime-type>
                </photo>
                <photo>
                    <url><![CDATA[https://images.psndealer.com/dealersite/images/ronniesharleydavidson/vp2622018_3.jpg]]></url>
                    <display-order>3</display-order>
                    <mime-type><![CDATA[image/jpeg]]></mime-type>
                </photo>
                <photo>
                    <url><![CDATA[https://images.psndealer.com/dealersite/images/ronniesharleydavidson/vp2622018_4.jpg]]></url>
                    <display-order>4</display-order>
                    <mime-type><![CDATA[image/jpeg]]></mime-type>
                </photo>
                <photo>
                    <url><![CDATA[https://images.psndealer.com/dealersite/images/ronniesharleydavidson/vp2622018_5.jpg]]></url>
                    <display-order>5</display-order>
                    <mime-type><![CDATA[image/jpeg]]></mime-type>
                </photo>
                <photo>
                    <url><![CDATA[https://images.psndealer.com/dealersite/images/ronniesharleydavidson/vp2622018_6.jpg]]></url>
                    <display-order>6</display-order>
                    <mime-type><![CDATA[image/jpeg]]></mime-type>
                </photo>
                <photo>
                    <url><![CDATA[https://images.psndealer.com/dealersite/images/ronniesharleydavidson/vp2622018_7.jpg]]></url>
                    <display-order>7</display-order>
                    <mime-type><![CDATA[image/jpeg]]></mime-type>
                </photo>
                <photo>
                    <url><![CDATA[https://images.psndealer.com/dealersite/images/ronniesharleydavidson/vp2622018_8.jpg]]></url>
                    <display-order>8</display-order>
                    <mime-type><![CDATA[image/jpeg]]></mime-type>
                </photo>
                <photo>
                    <url><![CDATA[https://images.psndealer.com/dealersite/images/ronniesharleydavidson/vp2622018_9.jpg]]></url>
                    <display-order>9</display-order>
                    <mime-type><![CDATA[image/jpeg]]></mime-type>
                </photo>
                <photo>
                    <url><![CDATA[https://images.psndealer.com/dealersite/images/ronniesharleydavidson/vp2622018_10.jpg]]></url>
                    <display-order>10</display-order>
                    <mime-type><![CDATA[image/jpeg]]></mime-type>
                </photo>
                <photo>
                    <url><![CDATA[https://images.psndealer.com/dealersite/images/ronniesharleydavidson/vp2622018_11.jpg]]></url>
                    <display-order>11</display-order>
                    <mime-type><![CDATA[image/jpeg]]></mime-type>
                </photo>
                <photo>
                    <url><![CDATA[https://images.psndealer.com/dealersite/images/ronniesharleydavidson/vp2622018_12.jpg]]></url>
                    <display-order>12</display-order>
                    <mime-type><![CDATA[image/jpeg]]></mime-type>
                </photo>
                <photo>
                    <url><![CDATA[https://images.psndealer.com/dealersite/images/ronniesharleydavidson/vp2622018_13.jpg]]></url>
                    <display-order>13</display-order>
                    <mime-type><![CDATA[image/jpeg]]></mime-type>
                </photo>
                <photo>
                    <url><![CDATA[https://images.psndealer.com/dealersite/images/ronniesharleydavidson/vp2622018_14.jpg]]></url>
                    <display-order>14</display-order>
                    <mime-type><![CDATA[image/jpeg]]></mime-type>
                </photo>
                <photo>
                    <url><![CDATA[https://images.psndealer.com/dealersite/images/ronniesharleydavidson/vp2622018_15.jpg]]></url>
                    <display-order>15</display-order>
                    <mime-type><![CDATA[image/jpeg]]></mime-type>
                </photo>
                <photo>
                    <url><![CDATA[https://images.psndealer.com/dealersite/images/ronniesharleydavidson/vp2622018_16.jpg]]></url>
                    <display-order>16</display-order>
                    <mime-type><![CDATA[image/jpeg]]></mime-type>
                </photo>
                <photo>
                    <url><![CDATA[https://images.psndealer.com/dealersite/images/ronniesharleydavidson/vp2622018_17.jpg]]></url>
                    <display-order>17</display-order>
                    <mime-type><![CDATA[image/jpeg]]></mime-type>
                </photo>
                <photo>
                    <url><![CDATA[https://images.psndealer.com/dealersite/images/ronniesharleydavidson/vp2622018_18.jpg]]></url>
                    <display-order>18</display-order>
                    <mime-type><![CDATA[image/jpeg]]></mime-type>
                </photo>
                <photo>
                    <url><![CDATA[https://images.psndealer.com/dealersite/images/ronniesharleydavidson/vp2622018_19.jpg]]></url>
                    <display-order>19</display-order>
                    <mime-type><![CDATA[image/jpeg]]></mime-type>
                </photo>
                <photo>
                    <url><![CDATA[https://images.psndealer.com/dealersite/images/ronniesharleydavidson/vp2622018_20.jpg]]></url>
                    <display-order>20</display-order>
                    <mime-type><![CDATA[image/jpeg]]></mime-type>
                </photo>
                <photo>
                    <url><![CDATA[https://images.psndealer.com/dealersite/images/ronniesharleydavidson/vp2622018_21.jpg]]></url>
                    <display-order>21</display-order>
                    <mime-type><![CDATA[image/jpeg]]></mime-type>
                </photo>
                <photo>
                    <url><![CDATA[https://images.psndealer.com/dealersite/images/ronniesharleydavidson/vp2622018_22.jpg]]></url>
                    <display-order>22</display-order>
                    <mime-type><![CDATA[image/jpeg]]></mime-type>
                </photo>
                <photo>
                    <url><![CDATA[https://images.psndealer.com/dealersite/images/ronniesharleydavidson/vp2622018_23.jpg]]></url>
                    <display-order>23</display-order>
                    <mime-type><![CDATA[image/jpeg]]></mime-type>
                </photo>
                <photo>
                    <url><![CDATA[https://images.psndealer.com/dealersite/images/ronniesharleydavidson/vp2622018_24.jpg]]></url>
                    <display-order>24</display-order>
                    <mime-type><![CDATA[image/jpeg]]></mime-type>
                </photo>
            </listing-photos>
            <listing-videos video-count="0"/>
            <specifications>
                <specification>
                    <specification-name><![CDATA[Weight]]></specification-name>
                    <specification-value><![CDATA[496.0 lbs.]]></specification-value>
                </specification>
                <specification>
                    <specification-name><![CDATA[Wheelbase]]></specification-name>
                    <specification-value><![CDATA[64.8 in.]]></specification-value>
                </specification>
                <specification>
                    <specification-name><![CDATA[Seat Height]]></specification-name>
                    <specification-value><![CDATA[26.6 in.]]></specification-value>
                </specification>
                <specification>
                    <specification-name><![CDATA[Engine]]></specification-name>
                    <specification-value><![CDATA[745cc, liquid-cooled, 52 degree, V-twin, SOHC, 3-valves per cylinder]]></specification-value>
                </specification>
                <specification>
                    <specification-name><![CDATA[Displacement]]></specification-name>
                    <specification-value><![CDATA[745 cc]]></specification-value>
                </specification>
                <specification>
                    <specification-name><![CDATA[Bore x Stroke]]></specification-name>
                    <specification-value><![CDATA[79.0mm  X 76.0mm]]></specification-value>
                </specification>
                <specification>
                    <specification-name><![CDATA[Compression Ratio]]></specification-name>
                    <specification-value><![CDATA[9.0:1]]></specification-value>
                </specification>
                <specification>
                    <specification-name><![CDATA[Carburetion]]></specification-name>
                    <specification-value><![CDATA[Two 34mm diaphragm-type CV]]></specification-value>
                </specification>
                <specification>
                    <specification-name><![CDATA[Fuel Capacity]]></specification-name>
                    <specification-value><![CDATA[3.6 gal., including 1.3 gal. Reserve]]></specification-value>
                </specification>
                <specification>
                    <specification-name><![CDATA[Ignition]]></specification-name>
                    <specification-value><![CDATA[CD with electronic advance, two spark plugs per cylinder]]></specification-value>
                </specification>
                <specification>
                    <specification-name><![CDATA[Transmission]]></specification-name>
                    <specification-value><![CDATA[Wide ratio, 5-speed]]></specification-value>
                </specification>
                <specification>
                    <specification-name><![CDATA[Final Drive]]></specification-name>
                    <specification-value><![CDATA[O-ring sealed chain]]></specification-value>
                </specification>
                <specification>
                    <specification-name><![CDATA[Brakes]]></specification-name>
                    <specification-value><![CDATA[Front: Single 296mm disc with twin-piston caliper<br>Rear: Drum]]></specification-value>
                </specification>
                <specification>
                    <specification-name><![CDATA[Tires]]></specification-name>
                    <specification-value><![CDATA[Front: 110/80-19<br>Rear: 160/80-15]]></specification-value>
                </specification>
                <specification>
                    <specification-name><![CDATA[Suspension]]></specification-name>
                    <specification-value><![CDATA[Front: 41mm fork, 5.1 in. travel<br>Rear: Dual shocks with 5-position spring preload adj., 3.2 in. of travel]]></specification-value>
                </specification>
            </specifications>
        </listing>
